,temp_C,direction,deviation
11,15.0,up,-0.22927277416027536
12,20.0,up,-0.17839275352975648
13,25.0,up,-0.1275127328992376
14,30.0,up,-0.07663271226871515
15,35.0,up,-0.025752691638189162
16,40.0,up,0.02512732899232617
17,35.0,down,-0.025752691638189162
18,30.0,down,-0.17663271226871302
19,25.0,down,-0.22751273289923546
20,20.0,down,-0.2783927535297579
21,15.0,down,-0.22927277416027536
