,temp_C,direction,deviation
0,15.0,up,0.6707272258397232
1,20.0,up,0.7216072464702421
2,25.0,up,0.8724872671007624
3,30.0,up,0.12336728773128769
4,35.0,up,0.07424730836181226
5,40.0,up,0.1251273289923276
6,35.0,down,-0.025752691638189162
7,30.0,down,-0.17663271226871302
8,25.0,down,-0.3275127328992369
9,20.0,down,-0.2783927535297579
10,15.0,down,-0.22927277416027536
